Brand,ProductName,OperatingSystem,Price,Shipping
SAMSUNG,Samsung Galaxy S20 5G SM-G981UZIAXAA 5G Unlocked Cell Phone 6.2" Cloud Pink 128GB 12GB RAM,Android,$1001,Free Shipping
Apple,Apple iPhone 11 64GB Fully Unlocked (Verizon + Sprint + GSM Unlocked),iOS,$799,Free Shipping
LG V35 T,LG V35 ThinQ 64GB GSM Unlocked 4G LTE 6" P-OLED Capacitive Touchscreen 6GB RAM Dual 16MP + 16MP Camera Phone - Aurora Black,Android,$264,Free Shipping
Apple,Apple iPhone 11 Pro 64GB Fully Unlocked (Verizon + Sprint + GSM Unlocked),iOS,$1149,Free Shipping
SAMSUNG,Samsung Galaxy Note 10 Plus (SM-N9750) 12GB / 256GB 6.8-inches (GSM ONLY) Dual SIM Factory Unlocked (Aura Glow) (International Version),Android,$858,Free Shipping
SAMSUNG,Samsung Galaxy S20 5G SM-G981UZAAXAA 5G Unlocked Cell Phone 6.2" Cosmic Gray 128GB 12GB RAM,Android,$1001,Free Shipping
Apple,Apple iPhone 11 Pro 64GB Fully Unlocked (Verizon + Sprint + GSM Unlocked),iOS,$1149,Free Shipping
OnePlus ,OnePlus 7 Pro 256GB Dual SIM GM1910 GSM Factory Unlocked 4G LTE 6.67" Fluid AMOLED Display 8GB RAM Triple 48MP+8MP+16MP Camera Smartphone - Mirror Grey - International Version,Android,$639,Free Shipping
Motorola,Motorola Moto Z4 4G LTE Unlocked Cell Phone 6.4" Flash Gray 128GB 4GB RAM,Android 9.0 Pie,$499,Free Shipping
SAMSUNG,Samsung Galaxy S10 4G LTE Factory Unlocked Cell Phone 6.1" Infinity Display Prism Black 128GB 8GB RAM,Android 9.0 Pie,$899,Free Shipping
Simple Mobile,Alcatel A405 Black Simple Mobile Prepaid Cell Phone,405DGP5,$27,$1.99 Shipping
Simple Mobile,Motorola Moto E5 Gray Simple Mobile Prepaid Cell Phone,T1920DGP5,$82,$1.99 Shipping
